snp,x,y,p_values,odds_ratios,phenotypes,cluster
B_0801,2,7,"[0.01279, 0.0128, 0.01781, 0.003793, 0.04016, 0.02453, 0.01781, 0.01626, 0.04106, 0.01668, 0.0469, 0.0448, 0.008931, 0.01134, 0.00984, 0.01035, 0.01006, 0.01266, 1.534e-11, 0.0001095, 0.02412, 0.01061, 0.02948, 0.04523, 0.01732, 0.03115, 3.191e-05, 0.01247, 0.00635, 0.008835, 0.0395, 0.03149, 0.01992, 0.0337, 0.01282, 0.01837, 0.007436, 0.04807, 0.02349, 0.007851, 0.02697, 0.03287, 0.04784, 0.006504, 0.04349, 0.02985, 0.04453, 0.001054, 0.04439, 0.03402, 0.04274, 0.03848, 0.04813, 0.03151, 0.01798, 0.016, 0.004327, 1.146e-05, 0.04664, 0.001084, 0.00464, 0.004741, 0.008449, 0.02642, 0.03791, 0.008744, 0.01459, 0.01398, 9.709e-06, 0.01623, 0.0477, 0.01455, 0.04012, 0.0131, 0.04638, 0.04217, 0.02678, 0.02716, 0.01896, 0.048, 0.01765, 0.03404, 2.3e-05, 8.512e-05, 0.02335, 0.026, 4.39e-11, 1.455e-06, 1.54e-05, 2.719e-08, 0.01641, 0.009399, 0.04905, 0.004334, 0.003556, 0.04299, 0.002088, 0.0383, 0.02211, 0.03658, 0.04166, 0.004611, 0.005239]","[2.178, 1.46, 1.459, 1.939, 1.27, 0.45, 0.802, 0.777, 0.792, 1.199, 1.323, 0.606, 1.442, 1.115, 1.125, 1.52, 1.657, 1.652, 1.95, 2.352, 1.729, 1.853, 1.714, 1.297, 1.194, 0.862, 1.585, 2.008, 0.709, 0.876, 0.661, 1.434, 1.83, 0.904, 0.875, 0.742, 0.657, 0.663, 1.371, 1.29, 1.707, 1.252, 1.151, 1.29, 1.277, 0.418, 1.154, 0.728, 0.546, 1.619, 0.825, 1.598, 1.678, 0.513, 0.591, 0.692, 0.762, 2.74, 0.861, 1.248, 1.236, 1.274, 1.463, 1.248, 1.293, 1.799, 1.224, 1.25, 1.852, 0.631, 1.316, 1.218, 1.163, 1.216, 0.918, 0.852, 0.352, 0.585, 0.391, 0.451, 1.859, 1.161, 1.549, 1.522, 0.532, 1.362, 1.745, 2.245, 2.761, 2.802, 1.167, 1.206, 0.426, 0.59, 1.702, 0.849, 2.082, 0.477, 1.604, 0.373, 1.2, 1.399, 1.195]","['Tuberculosis', 'Chronic hepatitis', 'Hepatitis NOS', 'Dermatophytosis of the body', 'Hx of malignant neoplasm of oral cavity and pharynx', 'Malignant neoplasm of retroperitoneum and peritoneum', 'Manlignant and unknown neoplasms of brain and nervous system', 'Cancer of brain and nervous system', 'Secondary malignant neoplasm of digestive systems', 'Cancer of other lymphoid, histiocytic tissue', 'Large cell lymphoma', 'Vascular hamartomas and non-neoplastic nevi', ""Graves' disease"", 'Hypothyroidism', 'Hypothyroidism NOS', 'Thyroiditis', 'Chronic thyroiditis', 'Chronic lymphocytic thyroiditis', 'Type 1 diabetes', 'Type 1 diabetes with ketoacidosis', 'Type 1 diabetes with renal manifestations', 'Type 1 diabetes with ophthalmic manifestations', 'Type 1 diabetes with neurological manifestations', 'Type 2 diabetes with ophthalmic manifestations', 'Insulin pump user', 'Abnormal glucose', 'Diabetic retinopathy', 'Disturbances of amino-acid transport', 'Disorders of phosphorus metabolism', 'Hypopotassemia', 'Alkalosis', 'Acquired hemolytic anemias', 'Autoimmune hemolytic anemias', 'Anxiety disorders', 'Anxiety disorder', 'Pervasive developmental disorders', 'Attention deficit hyperactivity disorder', 'Meningitis', 'Sleep related movement disorders', 'Extrapyramidal disease and abnormal movement disorders', 'Myoclonus', 'Partial epilepsy', 'Atherosclerosis', 'Atherosclerosis of the extremities', 'Atherosclerosis of native arteries of the extremities with intermittent claudication', 'Acute vascular insufficiency of intestine', 'Peripheral vascular disease', 'Acute pharyngitis', 'Acute laryngitis and tracheitis', 'Throat pain', 'Bacterial pneumonia', 'Apnea', 'Diseases of pulp and periapical tissues', 'Heartburn', 'Other specified gastritis', 'Dyspepsia and other specified disorders of function of stomach', 'Diaphragmatic hernia', 'Celiac disease', 'Intestinal obstruction without mention of hernia', 'Chronic liver disease and cirrhosis', 'Other chronic nonalcoholic liver disease', 'Cirrhosis of liver without mention of alcohol', 'Primary biliary cirrhosis', 'Liver abscess and sequelae of chronic liver disease', 'Portal hypertension', 'Acute and subacute necrosis of liver', 'Abnormal results of function study of liver', 'Other biliary tract disease', 'Cholangitis', 'Nonspecific abnormal findings in stool contents', 'Glomerulonephritis', 'End stage renal disease', 'Chronic Kidney Disease, Stage III', 'Kidney replaced by transpant', 'Other symptoms/disorders or the urinary system', 'Dysuria', 'Acute prostatitis', 'Mastodynia', 'Noninflammatory disorders of ovary, fallopian tube, and broad ligament', 'Noninflammatory disorders of vulva and perineum', 'Premature menopause and other ovarian failure', 'Disturbance of skin sensation', 'Lupus (localized and systemic)', 'Systemic lupus erythematosus', 'Unspecified erythematous condition', 'Sarcoidosis', 'Diffuse diseases of connective tissue', 'Sicca syndrome', 'Polymyositis', 'Dermatomyositis', 'Rheumatoid arthritis and other inflammatory polyarthropathies', 'Rheumatoid arthritis', 'Ankylosing spondylitis', 'Hammer toe (acquired)', 'Other acquired deformities of limbs', 'Cardiac congenital anomalies', 'Congenital anomalies of peripheral vascular system', 'Symptoms involving nervous and musculoskeletal systems', 'Abnormal posture', 'Chronic fatigue syndrome', 'Fracture of ankle and foot', 'Fracture of foot', 'Atopic/contact dermatitis due to other or unspecified']",2
B_3701,2,5,"[0.01156, 0.04003, 0.009016, 0.008341, 0.04807, 0.003524, 0.04626, 0.02447, 0.02903, 0.001932, 0.02742, 0.02458, 0.003938, 0.0488, 0.01083, 0.03656, 0.02887, 0.02931, 0.005839, 0.04715, 0.006466, 0.0002138, 0.008059, 0.04944, 0.01019, 0.02654, 0.02466, 0.03524, 0.004929, 0.002774, 0.02856, 0.01302, 0.00681, 0.03269, 0.008353, 0.008562, 0.01382, 0.0177, 0.01374, 0.01779, 0.01864, 0.03602, 0.003591, 0.00198, 0.03747, 0.04862, 0.01105, 0.02898, 0.0005578, 0.008813, 2.68e-05, 1.092e-05, 2.865e-06, 0.03395, 0.02738, 0.005517, 0.02956, 0.01884, 0.02691, 0.00524, 0.03341, 0.04785, 4.809e-05, 0.02969, 0.02114, 0.03131, 0.01005, 0.01438]","[1.363, 1.899, 1.49, 1.503, 1.55, 2.961, 1.741, 0.322, 1.681, 1.397, 1.419, 1.457, 1.433, 1.488, 0.277, 0.806, 0.589, 0.457, 2.985, 1.49, 0.206, 5.086, 3.119, 2.054, 3.007, 2.57, 3.256, 1.997, 2.845, 3.043, 0.611, 2.888, 2.933, 1.905, 2.045, 1.435, 1.534, 3.492, 1.834, 1.718, 1.487, 2.066, 2.432, 3.19, 2.263, 0.622, 1.99, 2.393, 4.113, 3.074, 2.428, 2.537, 2.882, 2.464, 1.343, 0.503, 0.458, 1.729, 2.392, 1.377, 1.728, 2.853, 5.373, 2.349, 1.48, 1.663, 1.794, 1.474]","['Septicemia', 'Gram positive septicemia', 'Bacteremia', 'Staphylococcus infections', 'Methicillin sensitive Staphylococcus aureus', ""Althete's foot"", 'Cancer of oropharynx', 'Malignant neoplasm of other and ill-defined sites within the digestive organs and peritoneum', 'Cancer of connective tissue', 'Skin cancer', 'Melanomas of skin, dx or hx', 'Melanomas of skin', 'Other non-epithelial cancer of skin', 'Radiotherapy', 'Myeloproliferative disease', 'Diabetes mellitus', 'Insulin pump user', 'Polyneuropathy in diabetes', 'Other nutritional deficiency', 'Other and unspecified coagulation defects', 'Other diseases of blood and blood-forming organs', 'Specific nonpsychotic mental disorders due to brain damage', 'Peripheral autonomic neuropathy', 'Nerve root and plexus disorders', 'Nerve root lesions', 'Disorders of the globe', 'Progressive myopia', 'Other nondiabetic retinopathy', 'Retinal edema', 'Corneal opacity', 'Nonrheumatic aortic valve disorders', 'Hypertrophic obstructive cardiomyopathy', 'Anomalous atrioventricular excitation', 'Cardiac arrest and ventricular fibrillation', 'Chronic venous insufficiency [CVI]', 'Hypotension NOS', 'Pulmonary insufficiency or respiratory failure following trauma and surgery', 'Respiratory arrest', 'Dependence on respirator [Ventilator] or supplemental oxygen', 'Hyperventilation', 'Gastritis and duodenitis', 'Other specified gastritis', 'Gastritis and duodenitis, NOS', 'Hepatomegaly', 'Cholelithiasis with other cholecystitis', 'Urinary calculus', 'Vaginitis and vulvovaginitis', 'Preeclampsia and eclampsia', 'Other complications of pregnancy NEC', 'Transitory tachypnea or apnea of newborn', 'Psoriasis and related disorders', 'Psoriasis', 'Psoriasis vulgaris', 'Keloid scar', 'Seborrheic keratosis', 'Diseases of sebaceous glands', 'Sebaceous cyst', 'Chronic ulcer of leg or foot', 'Other and unspecified disorders of back', 'Osteoarthrosis NOS', 'Congenital anomalies of great vessels', 'Upper gastrointestinal congenital anomalies', 'Pectus and other congenital anomalies of ribs/sternum', 'Abnormal posture', 'Shock', 'Fracture of neck of femur', 'Internal derangement of knee', 'Sepsis']",2
B_3901,0,6,"[0.003539, 0.02714, 0.01456, 0.04033, 0.03416, 0.0468, 0.02851, 0.04962, 0.0006253, 0.01844, 0.003289, 0.03858, 0.01512, 0.0149, 0.04253, 0.04668, 0.01276, 0.01661, 0.04166, 0.03929, 0.03216, 0.003664, 0.04437, 0.03996, 0.02851, 0.02103, 0.01092, 0.01484, 0.01836, 0.01876, 0.04339, 0.04261, 0.01601, 0.04419, 0.03613, 0.006509, 0.01177, 0.019, 0.01544, 0.01845, 0.03247, 0.02392, 0.007823, 0.01669]","[4.653, 2.541, 3.113, 0.546, 2.995, 2.067, 2.26, 1.565, 5.06, 0.188, 2.064, 2.131, 1.744, 3.555, 1.879, 0.314, 1.329, 1.332, 2.38, 0.423, 1.779, 3.946, 2.557, 2.123, 1.281, 1.337, 1.451, 1.398, 1.846, 1.92, 2.341, 2.363, 1.586, 1.782, 2.001, 3.582, 2.068, 2.694, 2.58, 0.394, 1.805, 2.595, 3.666, 1.49]","['Dermatomycoses', 'Cancer of of nasal cavities', 'Malignant neoplasm of retroperitoneum and peritoneum', 'Melanomas of skin', 'Other benign neoplasm of connective and other soft tissue', 'Alkalosis', 'Pernicious anemia', 'Pancytopenia', 'Acquired coagulation factor deficiency', 'Other diseases of blood and blood-forming organs', 'Bipolar', 'Agorophobia, social phobia, and panic disorder', 'Dysthymic disorder', 'Hypersomnia', 'Otalgia', 'Conductive hearing loss', 'Ischemic Heart Disease', 'Coronary atherosclerosis', 'First degree AV block', 'Atrial flutter', 'Premature beats', 'Supraventricular premature beats', 'Acute laryngitis and tracheitis', 'Bronchitis', 'Pulmonary collapse; interstitial and compensatory emphysema', 'Respiratory failure, insufficiency, arrest', 'Respiratory failure', 'Other diseases of lung', 'Abnormal sputum', 'Hemoptysis', 'Temporomandibular joint disorders', ""Barrett's esophagus"", 'Ascites (non malignant)', 'Abnormal serum enzyme levels', 'Other disorders of male genital organs', 'Noninflammatory disorders of ovary, fallopian tube, and broad ligament', 'Dyschromia and Vitiligo', 'Unspecified erythematous condition', 'Psoriatic arthropathy', 'Elevated prostate specific antigen [PSA]', 'Complication due to other implant and internal device', 'Open wound of finger(s)', 'Diaper or napkin rash', 'Sepsis and SIRS']",2
B_4002,1,7,"[0.04808, 0.02199, 0.04753, 0.0393, 0.03072, 0.04793, 0.0207, 0.01734, 0.01881, 0.03798, 0.04506, 0.03041, 0.02486, 0.0003372, 0.008524, 0.02136, 9.635e-05, 0.009032, 0.02925, 0.02303, 0.009886, 0.006484, 0.03075, 0.002579, 0.00141, 0.002374, 0.03146, 0.01284, 0.02664, 2.314e-05, 8.718e-06, 0.04994, 0.03857, 0.03274, 0.009288, 0.001303, 0.01474, 0.02714, 0.01618, 0.002126, 0.02787, 0.03007, 0.0164, 0.04728, 0.04177, 0.0344, 0.04787, 0.004638, 0.01543, 0.01546, 0.04908, 0.02887, 0.04757, 0.01963, 0.001349, 0.00685, 0.006956, 0.02774]","[0.545, 1.433, 3.273, 2.382, 1.76, 2.489, 2.472, 2.44, 1.781, 3.472, 2.325, 2.491, 1.709, 1.994, 1.723, 1.528, 1.943, 1.783, 1.798, 2.186, 1.397, 1.644, 2.492, 1.712, 1.791, 2.758, 1.372, 3.652, 1.44, 2.442, 2.864, 2.476, 2.244, 1.471, 2.016, 2.167, 2.315, 3.154, 1.597, 2.443, 2.241, 3.086, 0.479, 0.315, 1.445, 1.762, 2.493, 3.745, 1.504, 1.568, 1.307, 3.727, 1.975, 1.769, 2.194, 1.905, 1.704, 2.527]","['Cancer of larynx, pharynx, nasal cavities', 'Benign neoplasm of colon', 'Benign neoplasm of adrenal gland', 'Other disorders of pancreatic internal secretion', 'Iron deficiency anemia secondary to blood loss (chronic)', 'Other CNS infection and poliomyelitis', 'Torsion dystonia', 'Infantile cerebral palsy', 'Encephalopathy, not elsewhere classified', 'Corneal degenerations', 'Other disorders of tympanic membrane', 'Perforation of tympanic membrane', 'Hypertensive heart disease', 'Other hypertensive complications', 'Angina pectoris', 'Other chronic ischemic heart disease, unspecified', 'Other forms of chronic heart disease', 'Atrial flutter', 'Heart transplant/surgery', 'Intracerebral hemorrhage', 'Cerebrovascular disease', 'Occlusion and stenosis of precerebral arteries', 'Occlusion of cerebral arteries, with cerebral infarction', 'Cerebral ischemia', 'Transient cerebral ischemia', 'Atherosclerosis of renal artery', 'Hypotension', 'Iatrogenic hypotension', 'Hypotension NOS', 'Other disorders of circulatory system', 'Circulatory disease NEC', 'Postnasal drip', 'Bronchopneumonia and lung abscess', 'Acute bronchitis and bronchiolitis', 'Pneumonitis due to inhalation of food or vomitus', 'Respiratory insufficiency', 'Diseases of the salivary glands', 'Duodenitis', 'Ascites (non malignant)', 'Cyst of kidney, acquired', 'Gross hematuria', 'Noninflammatory disorders of ovary, fallopian tube, and broad ligament', 'Erythematous conditions', 'Lupus (localized and systemic)', 'Other arthropathies', 'Displacement of intervertebral disc', 'Other and unspecified disorders of back', 'Disorders of muscle, ligament, and fascia', 'Osteoarthritis; localized', 'Osteoarthrosis, localized, primary', 'Edema', 'Elevated cancer antigen 125 [CA 125]', 'Malaise and fatigue', 'Fracture of radius and ulna', 'Internal derangement of knee', 'Hemorrhage or hematoma complicating a procedure', 'Open wounds of head; neck; and trunk', 'Non-healing surgical wound']",2
B_4403,1,4,"[0.01328, 0.04008, 0.003922, 0.002237, 0.01208, 0.008322, 0.01649, 0.006266, 0.009258, 0.002767, 0.009474, 0.0308, 0.04649, 0.03043, 0.02868, 0.009107, 0.01183, 0.02734, 0.04814, 0.04489, 0.03364, 0.01822, 0.03904, 0.04978, 0.01409, 0.00541, 0.02223, 0.03676, 0.009231, 0.04859, 0.03691, 0.03869, 0.03694, 0.02519, 0.03451, 0.02985, 0.04118, 0.02711, 0.02248, 0.01349, 0.03486, 0.03275, 0.01234, 0.04899, 0.01474, 0.02434, 0.04955, 0.0472, 0.001613, 0.01497, 0.01937, 0.03065, 0.04443, 0.02965, 0.0382, 0.02357, 0.0431, 0.03514, 0.04418, 0.02384, 0.03185, 0.04716, 0.01741, 0.04743, 0.03964, 0.03377, 0.0351, 0.0217, 0.02404, 0.04243, 0.02062, 0.01683, 0.001756, 0.001876, 0.0104, 0.02447, 0.01325, 0.04378, 0.04064, 0.0191, 0.01506, 0.01558]","[0.235, 0.688, 0.687, 0.659, 1.534, 1.644, 0.82, 0.493, 0.624, 0.538, 0.698, 1.349, 0.613, 0.56, 1.555, 0.609, 0.487, 0.75, 0.599, 1.185, 1.55, 0.42, 0.738, 0.507, 0.641, 1.994, 0.783, 0.753, 0.482, 0.541, 0.122, 0.856, 0.842, 0.792, 0.569, 0.768, 0.856, 0.898, 0.894, 0.735, 0.883, 0.81, 0.755, 0.837, 0.835, 0.742, 0.818, 0.79, 0.857, 0.788, 0.854, 0.855, 0.458, 0.729, 0.471, 0.749, 0.396, 0.703, 0.758, 0.834, 0.215, 0.892, 1.489, 0.708, 1.156, 0.671, 0.845, 1.251, 0.317, 0.303, 1.744, 2.177, 0.704, 0.7, 0.767, 0.786, 0.516, 0.796, 0.732, 1.739, 1.546, 0.486]","['Viral Enteritis', 'Viral warts & HPV', 'Dermatophytosis / Dermatomycosis', 'Dermatophytosis', 'Cancer of oropharynx', 'Cancer of esophagus', 'Other non-epithelial cancer of skin', 'Basal cell carcinoma', 'Cancer of kidney and renal pelvis', 'Malignant neoplasm of kidney, except pelvis', 'Secondary malignancy of bone', 'Myeloproliferative disease', 'Benign neoplasm of uterus', 'Uterine leiomyoma', 'Benign neoplasm of other endocrine glands and related structures', 'Thyrotoxicosis with or without goiter', ""Graves' disease"", 'Secondary hypothyroidism', 'Other immunological findings', 'Coagulation defects', 'Aphasia', 'Speech and language disorder', 'Substance addiction and disorders', 'Infantile cerebral palsy', 'Lack of coordination', 'Complex regional/central pain syndrome', 'Other retinal disorders', 'Degeneration of macula and posterior pole of retina', 'Macular degeneration (senile) of retina NOS', 'Retinal vascular changes and abnomalities', 'Chorioretinal inflammations, scars, and other disorders of choroid', 'Cataract', 'Senile cataract', 'Disorders of refraction and accommodation; blindness and low vision', 'Blindness and low vision', 'Other disorders of eye', 'Heart valve disorders', 'Hypertension', 'Essential hypertension', 'Other hypertensive complications', 'Ischemic Heart Disease', 'Myocardial infarction', 'Other chronic ischemic heart disease, unspecified', 'Cardiomegaly', 'Cardiac conduction disorders', 'Abnormal electrocardiogram [ECG] [EKG]', 'Cardiac pacemaker/device in situ', 'Cardiac pacemaker in situ', 'Cardiac dysrhythmias', 'Other specified cardiac dysrhythmias', 'Congestive heart failure; nonhypertensive', 'Congestive heart failure (CHF) NOS', 'Vascular insufficiency of intestine', 'Other aneurysm', 'Arteritis NOS', 'Diseases of the larynx and vocal cords', 'Chronic laryngitis', 'Obstructive chronic bronchitis', 'Pulmonary congestion and hypostasis', 'Other diseases of lung', 'Other diseases of respiratory system, NEC', 'GERD', 'Stricture and stenosis of esophagus', 'Peptic ulcer (excl. esophageal)', 'Dysphagia', 'Paralytic ileus', 'Gastrointestinal hemorrhage', 'Dysuria', 'Other disorders of testis', 'Hydrocele', 'Polyp of female genital organs', 'Other complications of pregnancy NEC', 'Other arthropathies', 'Arthropathy NOS', 'Spondylosis and allied disorders', 'Spondylosis without myelopathy', 'Rupture of tendon, nontraumatic', 'Symptoms and disorders of the joints', 'Other specified osteoporosis', 'Other congenital musculoskeletal anomalies', 'Musculoskeletal symptoms referable to limbs', 'Poisoning by agents primarily affecting the cardiovascular system']",2
B_5101,2,6,"[0.0479, 0.006594, 0.01325, 0.03491, 0.03232, 0.03682, 0.01955, 0.04194, 0.04581, 0.0308, 0.02703, 0.004289, 0.03046, 0.04795, 0.04019, 0.04953, 0.02383, 0.01583, 0.003082, 0.02074, 0.01403, 0.02966, 0.01395, 0.0475, 0.03524, 0.02925, 0.02175, 0.03357, 0.04358, 0.01518, 0.04963, 0.03131, 0.00222, 0.01802, 0.0145, 0.03016, 0.004601, 0.02971, 0.03195, 0.02923, 0.04034, 0.03181, 0.04264, 0.006722, 0.01152, 0.01661, 0.02834, 0.03484, 0.03991, 0.01946, 0.02, 0.03561, 0.01124, 0.04967, 0.009424, 0.003459, 0.02145, 0.0194, 0.03281, 0.03598, 0.02205, 0.01383, 0.02777]","[1.434, 1.565, 1.719, 1.414, 1.683, 1.569, 1.466, 1.491, 1.226, 1.25, 1.332, 0.671, 0.717, 0.637, 0.474, 0.551, 1.695, 1.38, 1.745, 1.465, 1.966, 0.756, 1.247, 1.292, 1.309, 1.774, 0.412, 1.752, 0.685, 0.414, 0.581, 1.313, 1.549, 1.283, 2.047, 1.291, 2.492, 0.625, 0.778, 0.752, 0.731, 0.593, 0.625, 0.416, 1.958, 1.643, 1.773, 0.547, 1.44, 2.516, 1.711, 1.559, 1.826, 2.269, 1.771, 2.853, 2.076, 1.4, 2.1, 1.442, 1.347, 2.496, 1.703]","['Gram negative septicemia', 'Bone cancer', 'Carcinoma in situ of skin', 'Cervical cancer and dysplasia', 'Cancer of other female genital organs', 'Lymphoid leukemia, chronic', 'Nontoxic uninodular goiter', 'Glucocorticoid deficiency', 'Gout and other crystal arthropathies', 'Gout', 'Disorders of magnesium metabolism', 'Morbid obesity', 'Disorders involving the immune mechanism', 'Megaloblastic anemia', 'Pernicious anemia', ""Alzheimer's disease"", 'Speech and language disorder', 'Extrapyramidal disease and abnormal movement disorders', 'Essential tremor', 'Allergic conjunctivitis', 'Ectropion or entropion', 'Other disorders of eye', 'Otitis media and Eustachian tube disorders', 'Suppurative and unspecified otitis media', 'Eustachian tube disorders', 'Perforation of tympanic membrane', 'Endocarditis', 'Second degree AV block', 'Paroxysmal supraventricular tachycardia', 'Cerebral atherosclerosis', 'Chronic venous insufficiency [CVI]', 'Encounter for long-term (current) use of anticoagulants, antithrombotics, aspirin', 'Encounter for long-term (current) use of aspirin', 'Other diseases of respiratory system, not elsewhere classified', 'Other diseases of respiratory system, NEC', 'Symptoms involving respiratory system and other chest symptoms', 'Temporomandibular joint disorder, unspecified', 'Incisional hernia', 'Chronic liver disease and cirrhosis', 'Other chronic nonalcoholic liver disease', 'Cirrhosis of liver without mention of alcohol', 'Liver replaced by transplant', 'Abnormal serum enzyme levels', 'Splenomegaly', 'Urethral stricture (not specified as infectious)', 'Disorders of penis', 'Redundant prepuce and phimosis/BXO', 'Cellulitis and abscess of arm/hand', 'Dyschromia and Vitiligo', 'Abnormal granulation tissue', 'Other specified diseases of hair and hair follicles', 'Arthropathy associated with infections', 'Pyogenic arthritis', 'Osteochondropathies', 'Digestive congenital anomalies', 'Upper gastrointestinal congenital anomalies', 'Obstructive genitourinary defect', 'Spasm of muscle', 'Pallor and flushing', 'Papanicolaou smear of cervix or vagina with atypical squamous cells', 'Fracture of vertebral column without mention of spinal cord injury', 'Complication of amputation stump', 'Injuries to the nervous system']",2
B_5501,3,6,"[0.003652, 0.0311, 0.03518, 0.01851, 0.03404, 0.04309, 0.0448, 0.03936, 0.04082, 0.02472, 0.0268, 0.01666, 0.02546, 0.005722, 0.03115, 0.03722, 0.01258, 0.003207, 0.003658, 0.01711, 0.003841, 0.02474, 0.02512, 0.01148, 0.005297, 0.01979, 0.01687, 0.01051, 0.03362, 0.0413, 0.01604, 0.04026, 0.04165, 0.03362, 0.01554, 0.01314, 0.03825, 0.005867, 0.04524, 0.002419, 0.009403, 0.005162, 0.04314, 0.008775, 0.02064, 0.0274, 0.0391, 0.003956, 0.01036, 0.002063, 0.02327, 0.01802, 0.0041, 0.03189, 0.04575, 0.02831, 0.01173, 0.02366, 0.02808, 0.03614, 0.00393, 0.01792]","[1.949, 1.638, 1.682, 1.404, 1.547, 0.754, 0.555, 1.385, 1.736, 2.106, 0.608, 0.372, 2.89, 3.049, 1.305, 1.725, 1.506, 1.654, 2.823, 1.706, 2.617, 2.899, 1.334, 2.317, 1.715, 1.711, 1.786, 1.784, 1.74, 1.458, 1.289, 2.138, 1.419, 0.582, 1.527, 2.94, 0.642, 1.807, 0.525, 0.683, 0.535, 0.51, 1.189, 1.422, 1.354, 2.418, 0.425, 1.368, 0.225, 2.064, 0.318, 2.196, 2.001, 0.44, 1.803, 2.391, 2.222, 0.444, 0.431, 1.394, 2.325, 2.785]","['Gram negative septicemia', 'Herpes zoster', 'Cancer of stomach', 'Colorectal cancer', 'Malignant neoplasm of rectum, rectosigmoid junction, and anus', 'Neoplasm of uncertain behavior of skin', 'Thyroid cancer', 'Secondary malignant neoplasm of liver', 'Lipoma', 'Lipoma of skin and subcutaneous tissue', 'Secondary hypothyroidism', 'Diabetic retinopathy', 'Other disorders of neurohypophysis', 'Carcinoid syndrome', 'Vitamin D deficiency', 'Hyperosmolality and/or hypernatremia', 'Disorders involving the immune mechanism', 'Immunity deficiency', 'Hereditary hemolytic anemias', 'Generalized anxiety disorder', 'Autism', 'Spinocerebellar disease', 'Disorders of refraction and accommodation; blindness and low vision', 'Visual field defects', 'Keratitis', 'Keratoconjunctivitis', 'Keratoconjunctivitis sicca', 'Dermatochalasis', 'Otitis externa', 'Carditis', 'Tachycardia NOS', 'Subarachnoid hemorrhage', 'Other aneurysm', 'Disorders of function of stomach', 'Anal and rectal conditions', 'Anal and rectal polyp', 'Ascites (non malignant)', 'Abnormal serum enzyme levels', 'Renal failure NOS', 'Chronic renal failure [CKD]', 'End stage renal disease', 'Kidney replaced by transpant', 'Other symptoms/disorders or the urinary system', 'Urinary incontinence', 'Frequency of urination and polyuria', 'Benign neoplasm of breast', 'Excessive or frequent menstruation', 'Rash and other nonspecific skin eruption', 'Rosacea', 'Sarcoidosis', 'Pruritus and related conditions', 'Dermatomyositis', 'Fasciitis', 'Other acquired musculoskeletal deformity', 'Digestive congenital anomalies', 'Congenital musculoskeletal deformities of spine', 'Elevated C-reactive protein (CRP)', 'Complications of transplants and reattached limbs', 'Complication of internal orthopedic device', 'Open wounds of head; neck; and trunk', 'Poisoning by antibiotics', 'Allergy/adverse effect of penicillin']",2
B_5701,0,4,"[0.02245, 0.01388, 0.04792, 0.01042, 0.03329, 0.04203, 0.03577, 0.008923, 0.004412, 0.04179, 0.01731, 0.04374, 0.0003553, 0.04776, 0.04442, 0.00692, 0.002452, 0.03289, 0.009642, 0.02168, 0.01941, 0.01112, 0.01976, 0.03364, 0.004006, 0.004205, 0.03196, 0.01017, 0.004512, 0.02693, 0.049, 0.0129, 0.01366, 0.03144, 0.0008078, 0.01281, 0.04588, 0.02626, 0.002835, 0.04995, 0.04158, 0.02178, 0.0148, 0.03923, 0.0367, 0.003871, 0.0308, 0.01616, 0.04121, 0.04638, 0.03935, 0.03166, 0.02791, 0.006891, 0.028, 0.04099, 0.02999, 0.03931, 0.04891, 0.0347, 0.02816, 0.0248, 0.03483, 0.0006992, 0.001093, 0.001404, 0.005121, 0.0006432, 0.01636, 0.03572, 0.02354, 0.03123, 0.01275, 0.01911, 0.01539, 0.0399, 0.03327]","[1.314, 1.511, 1.241, 1.921, 1.347, 1.151, 1.216, 1.381, 0.512, 0.582, 1.157, 0.628, 1.256, 1.465, 2.454, 1.514, 1.412, 0.484, 0.158, 0.81, 0.647, 0.277, 0.257, 0.812, 1.348, 1.414, 2.01, 1.89, 1.999, 1.595, 0.316, 0.429, 0.746, 1.322, 1.935, 1.328, 1.29, 1.24, 1.332, 1.233, 1.315, 1.323, 1.254, 1.303, 1.651, 1.627, 1.508, 1.213, 1.729, 0.774, 0.744, 0.693, 0.665, 0.354, 2.49, 1.848, 1.87, 0.638, 0.617, 0.587, 1.343, 1.543, 1.513, 1.718, 1.704, 1.78, 2.044, 3.604, 0.746, 0.749, 2.574, 2.09, 2.053, 0.734, 2.3, 1.596, 1.94]","['Postoperative infection', 'Hx of malignant neoplasm of oral cavity and pharynx', 'Melanomas of skin, dx or hx', 'Cancer of other female genital organs', 'Radiotherapy', 'Secondary malignant neoplasm', 'Secondary malignancy of lymph nodes', 'Secondary malignancy of bone', 'Myeloproliferative disease', 'Nontoxic uninodular goiter', 'Diabetes mellitus', 'Type 1 diabetes', 'Type 2 diabetes', 'Type 2 diabetes with ophthalmic manifestations', 'Delay in sexual development and puberty NEC', 'Anorexia', 'Morbid obesity', 'Other immunological findings', 'Acquired hemolytic anemias', 'Encounter for long-term (current) use of anticoagulants', 'Other and unspecified coagulation defects', 'Hypercoagulable state', 'Primary hypercoagulable state', 'Purpura and other hemorrhagic conditions', 'Lymphadenitis', 'Swelling, mass, or lump in head and neck [Space-occupying lesion, intracranial NOS]', 'Somatoform disorder', 'Mental retardation', 'Cerebral degeneration, unspecified', 'Essential tremor', 'Anterior horn cell disease', 'Multiple sclerosis', 'Other peripheral nerve disorders', 'Degeneration of macula and posterior pole of retina', 'Macular degeneration (senile) of retina NOS', 'Other disorders of eye', 'Disorders of vitreous body', 'Sensorineural hearing loss', 'Other specified cardiac dysrhythmias', 'Occlusion and stenosis of precerebral arteries', 'Other aneurysm', 'Peripheral vascular disease, unspecified', 'Acute sinusitis', 'Septal Deviations/Turbinate Hypertrophy', 'Bronchitis', 'Pneumonitis due to inhalation of food or vomitus', 'Stricture and stenosis of esophagus', 'Dysphagia', 'Intestinal malabsorption (non-celiac)', 'Chronic liver disease and cirrhosis', 'Other chronic nonalcoholic liver disease', 'Cirrhosis of liver without mention of alcohol', 'Other biliary tract disease', 'Splenomegaly', 'Chronic cystitis', 'Bladder neck obstruction', 'Urethral stricture (not specified as infectious)', 'Genital prolapse', 'Prolapse of vaginal walls', 'Known or suspected fetal abnormality affecting management of mother', 'Cellulitis and abscess of leg, except foot', 'Erythematosquamous dermatosis', 'Seborrheic dermatitis', 'Psoriasis and related disorders', 'Psoriasis', 'Psoriasis vulgaris', 'Psoriatic arthropathy', 'Hirsutism', 'Rheumatoid arthritis and other inflammatory polyarthropathies', 'Rheumatoid arthritis', 'Rupture of synovium', 'Disorders of muscle, ligament, and fascia', 'Kyphosis (acquired)', 'Osteoarthrosis, localized, primary', 'Hypothermia/Chills', 'Other open wound of head and face', 'Poisoning by water, mineral, and uric acid metabolism drugs']",2
C_0701,2,8,"[0.02027, 0.03447, 0.04287, 0.01536, 0.04744, 0.03356, 0.03967, 0.0377, 0.03932, 0.04649, 0.008477, 0.00245, 0.0132, 1.358e-07, 0.000133, 0.03204, 0.01238, 0.03155, 0.001372, 0.01395, 0.04474, 0.04553, 0.007826, 0.0194, 0.03577, 0.03347, 0.02845, 0.01152, 0.02411, 0.04242, 0.04992, 0.03895, 0.03753, 0.001989, 0.01392, 0.01979, 0.04469, 0.04949, 0.04348, 0.03531, 0.03877, 0.02807, 0.01932, 0.003477, 0.02036, 0.00685, 0.004016, 0.01438, 0.04245, 0.005408, 0.008182, 0.02998, 0.0356, 0.03733, 0.03362, 0.0003166, 0.04356, 0.004774, 0.006721, 0.008261, 0.01964, 0.04784, 0.03121, 0.002371, 4.388e-05, 0.001569, 0.0308, 0.03507, 0.02094, 0.01463, 0.0005352, 0.0008051, 1.616e-08, 2.592e-06, 0.0007912, 0.0002193, 0.005115, 0.02512, 0.0427, 0.005613, 0.01895, 0.03532, 0.02674, 0.0139, 0.04871, 0.02953]","[0.815, 0.804, 0.806, 1.71, 1.628, 0.657, 0.809, 0.632, 1.317, 0.565, 1.11, 1.136, 1.468, 1.665, 2.302, 1.655, 1.19, 0.874, 1.406, 1.411, 1.255, 1.256, 0.72, 1.888, 1.15, 1.155, 0.844, 0.754, 1.757, 0.793, 0.577, 0.57, 1.317, 1.318, 1.528, 1.204, 1.333, 0.781, 0.87, 0.899, 1.289, 0.699, 1.166, 1.291, 0.448, 1.195, 0.781, 0.516, 1.211, 1.992, 1.966, 0.537, 0.575, 0.756, 0.836, 2.281, 0.871, 1.197, 1.208, 1.236, 1.31, 1.541, 1.181, 1.293, 1.735, 1.517, 1.213, 1.173, 0.466, 1.173, 1.41, 1.409, 1.584, 2.165, 2.189, 1.981, 0.298, 0.703, 0.834, 1.904, 0.613, 0.461, 1.548, 1.319, 1.42, 0.829]","['Intestinal infection', 'Bacterial enteritis', 'Intestinal infection due to C. difficile', 'Dermatophytosis of the body', 'Histoplasmosis', 'Cervical cancer', 'Secondary malignant neoplasm of digestive systems', 'Vascular hamartomas and non-neoplastic nevi', ""Graves' disease"", 'Toxic multinodular goiter', 'Hypothyroidism', 'Hypothyroidism NOS', 'Thyroiditis', 'Type 1 diabetes', 'Type 1 diabetes with ketoacidosis', 'Type 1 diabetes with ophthalmic manifestations', 'Insulin pump user', 'Abnormal glucose', 'Diabetic retinopathy', 'Hypoglycemia', 'Testicular dysfunction', 'Testicular hypofunction', 'Failure to thrive (childhood)', 'Disturbances of amino-acid transport', 'Gout and other crystal arthropathies', 'Gout', 'Disorders of calcium/phosphorus metabolism', 'Disorders of phosphorus metabolism', 'Autoimmune hemolytic anemias', 'Secondary thrombocytopenia', 'Schizophrenia', 'Somatoform disorder', 'Sleep related movement disorders', 'Extrapyramidal disease and abnormal movement disorders', 'Torsion dystonia', 'Degeneration of macula and posterior pole of retina', 'Macular degeneration, dry', 'Primary open angle glaucoma', 'Nonrheumatic aortic valve disorders', 'Tachycardia NOS', 'Abnormal function study of cardiovascular system', 'Intracerebral hemorrhage', 'Atherosclerosis', 'Atherosclerosis of the extremities', 'Acute vascular insufficiency of intestine', 'Peripheral vascular disease', 'Acute pharyngitis', 'Acute laryngitis and tracheitis', 'Diseases of hard tissues of teeth', 'Diseases of pulp and periapical tissues', 'Periapical abscess', 'Disorders of esophageal motility', 'Heartburn', 'Dyspepsia and other specified disorders of function of stomach', 'Diaphragmatic hernia', 'Celiac disease', 'Intestinal obstruction without mention of hernia', 'Chronic liver disease and cirrhosis', 'Other chronic nonalcoholic liver disease', 'Cirrhosis of liver without mention of alcohol', 'Portal hypertension', 'Acute and subacute necrosis of liver', 'Abnormal results of function study of liver', 'Other biliary tract disease', 'Cholangitis', 'Obstruction of bile duct', 'Renal dialysis', 'End stage renal disease', 'Noninflammatory disorders of ovary, fallopian tube, and broad ligament', 'Disturbance of skin sensation', 'Lupus (localized and systemic)', 'Systemic lupus erythematosus', 'Diffuse diseases of connective tissue', 'Sicca syndrome', 'Polymyositis', 'Dermatomyositis', 'Ankylosing spondylitis', 'Hammer toe (acquired)', 'Cardiac shunt/ heart septal defect', 'Congenital anomalies of peripheral vascular system', 'Other congenital musculoskeletal anomalies', 'Pectus and other congenital anomalies of ribs/sternum', 'Abnormal posture', 'Fracture of foot', 'Fracture of clavicle or scapula', 'Dislocation']",2
C_1402,1,5,"[0.01515, 0.04219, 0.01716, 0.0393, 0.02202, 0.03033, 0.03935, 0.02328, 0.004691, 0.03455, 0.01937, 0.01107, 0.04602, 0.02649, 0.008153, 0.02473, 0.02764, 0.03641, 0.03995, 0.01536, 0.0151, 0.001066, 0.001497, 0.0308, 0.04267, 0.0453, 0.04141, 0.01069, 0.01541, 0.01405, 0.03238, 0.03028, 0.03181, 0.0008176, 0.0434, 0.04623, 0.0411, 0.02326, 0.02364, 0.03681, 0.006855, 0.02731, 0.04126, 0.02931, 0.02926, 0.03814, 0.025, 0.03586, 0.02907, 0.006518, 0.04104, 0.0233, 0.00158, 0.006391, 0.04501, 0.02629, 0.0139, 0.01116, 0.006544]","[3.547, 0.536, 0.374, 1.975, 2.042, 0.768, 0.765, 0.462, 1.9, 3.572, 1.909, 2.209, 0.689, 1.505, 1.679, 0.486, 0.277, 0.346, 0.231, 2.79, 1.885, 2.022, 2.532, 1.569, 0.459, 1.502, 1.58, 3.864, 0.57, 3.132, 0.608, 1.824, 1.311, 1.62, 3.367, 0.527, 0.129, 2.862, 1.915, 0.123, 2.247, 0.508, 1.586, 2.971, 0.551, 2.607, 1.908, 1.876, 2.119, 2.713, 0.233, 2.629, 2.995, 1.604, 1.992, 2.379, 2.655, 3.769, 4.165]","['Aspergillosis', 'Cancer of larynx, pharynx, nasal cavities', 'Cancer of larynx', 'Cervical intraepithelial neoplasia [CIN] [Cervical dysplasia]', 'Large cell lymphoma', 'Diabetes mellitus', 'Type 2 diabetes', 'Type 2 diabetes with neurological manifestations', 'Disorders of adrenal glands', 'Hyperaldosteronism', 'Adrenal hypofunction', 'Glucocorticoid deficiency', 'Vitamin deficiency', 'Acid-base balance disorder', 'Acidosis', 'Morbid obesity', 'Iron deficiency anemia secondary to blood loss (chronic)', 'Other deficiency anemia', 'Megaloblastic anemia', 'Transient alteration of awareness', 'Schizophrenia and other psychotic disorders', 'Extrapyramidal disease and abnormal movement disorders', 'Essential tremor', 'Myopia', 'Other disorders of eyelids', 'Otitis media', 'Suppurative and unspecified otitis media', 'Labyrinthitis', 'Myocardial infarction', 'Hypertrophic obstructive cardiomyopathy', 'Other specified cardiac dysrhythmias', 'Chronic tonsillitis and adenoiditis', 'Allergic rhinitis', 'Asthma', 'Respiratory arrest', 'Other symptoms of respiratory system', 'Painful respiration', 'Other diseases of respiratory system, NEC', 'Dyspepsia and other specified disorders of function of stomach', 'Abnormal serum enzyme levels', 'Cholecystitis without cholelithiasis', 'Other symptoms involving abdomen and pelvis', 'Other abnormality of urination', 'Hematological disorders of newborn', 'Disturbance of skin sensation', 'Congenital anomalies of skin', 'Dyschromia and Vitiligo', 'Other dyschromia', 'Arthropathy associated with infections', 'Pyogenic arthritis', 'Valvular heart disease/ heart chambers', 'Other specified congenital anomalies of kidney', 'Symptoms of the muscles', 'Sprains and strains', 'Joint/ligament sprain', 'Injuries to the nervous system', 'Allergic reaction to food', 'Poisoning by agents primarily affecting blood constituents', 'Anticoagulants causing adverse effects']",2
DPB1_0401,0,7,"[0.008945, 0.01716, 0.01314, 0.03426, 0.01154, 0.01803, 0.03567, 0.03963, 0.03292, 0.01683, 0.02591, 0.005636, 0.01768, 0.02454, 0.04975, 0.04669, 0.04912, 0.003299, 0.04246, 0.02639, 0.04177, 0.0214, 0.03759, 0.0192, 0.03426, 0.03763, 0.03755, 0.01496, 0.04077, 0.04579, 0.03081, 0.03777, 0.0003728, 0.002051, 0.02743, 0.03588, 0.03051, 0.007357, 0.00842, 0.01413, 0.01353, 0.02587, 0.01871, 0.01982, 0.03778, 0.01371, 0.01207, 0.002741]","[0.616, 0.905, 0.811, 0.808, 1.859, 1.901, 1.224, 1.306, 1.94, 0.551, 0.595, 3.104, 0.51, 0.82, 1.226, 1.467, 1.211, 0.648, 0.581, 0.584, 0.72, 2.091, 0.842, 1.262, 0.868, 0.765, 0.865, 1.753, 1.163, 0.764, 0.778, 1.199, 0.621, 0.793, 1.796, 1.163, 1.189, 0.754, 1.194, 1.678, 0.557, 2.043, 1.51, 1.58, 0.687, 1.919, 0.82, 0.579]","['Viral Enteritis', 'Bacterial infection NOS', 'E. coli', 'Infection with drug-resistant microorganisms', ""Althete's foot"", 'Dermatophytosis of the body', 'Cancer of brain', 'Multiple myeloma', 'Benign neoplasm of eye, uveal', 'Benign neoplasm of thyroid glands', 'Type 1 diabetes with ophthalmic manifestations', 'Precocious sexual development and puberty NEC', 'Acquired coagulation factor deficiency', 'Dysthymic disorder', 'Alcohol-related disorders', 'Alcoholic liver damage', 'Myopathy', 'Corneal opacity and other disorders of cornea', ""Fuchs' dystrophy"", 'Eye infection, viral', 'Uveitis, noninfectious or NOS', 'Scleritis and episcleritis', 'Suppurative and unspecified otitis media', 'Heart valve replaced', 'Other forms of chronic heart disease', 'ASCVD', 'Chronic pulmonary heart disease', ""Wegener's granulomatosis"", 'Hemorrhoids', 'Influenza', 'Esophageal bleeding (varices/hemorrhage)', 'Other intestinal obstruction', 'Primary biliary cirrhosis', 'Abnormal results of function study of liver', 'Proliferative glomerulonephritis', 'Urinary calculus', 'Calculus of kidney', 'Other local infections of skin and subcutaneous tissue', 'Disturbance of skin sensation', 'Psoriatic arthropathy', 'Disorders of muscle, ligament, and fascia', 'Other disorders of soft tissues', 'Aseptic necrosis of bone', 'Symptoms of the muscles', 'Nonspecific findings on examination of blood', ""Colles' fracture"", 'Open wounds of extremities', 'Insect bite']",2
DPB1_0402,0,5,"[0.01602, 0.04735, 0.01744, 0.02815, 0.04946, 0.03426, 0.004711, 8.053e-07, 0.005887, 0.04802, 0.03008, 0.002239, 0.02026, 0.01593, 0.02713, 0.03684, 0.02254, 0.03635, 0.04157, 0.02733, 0.03619, 0.02649, 0.003403, 0.006692, 0.02254, 0.03032, 0.008715, 0.01635, 0.02616, 0.04586, 0.02517, 0.04189, 0.02795, 0.01155, 0.02069, 0.005396, 0.03364, 0.001377, 0.01711, 0.02773, 0.0357, 0.03181, 0.04032, 0.04594, 0.02667, 0.01876, 0.0466, 0.03524, 0.01185, 0.03405, 0.0005946, 0.03585, 0.04159, 0.04145, 0.04596, 0.02451, 0.004137, 0.004784, 0.03724, 0.009788, 0.01502, 0.03125, 0.01131]","[0.611, 0.512, 1.278, 0.785, 0.641, 0.62, 0.891, 0.481, 0.337, 0.495, 0.713, 0.769, 0.769, 0.716, 0.315, 0.693, 0.827, 0.823, 0.532, 1.286, 0.476, 0.49, 0.289, 0.556, 0.808, 1.345, 2.232, 0.327, 0.796, 1.174, 1.376, 1.358, 0.73, 0.58, 0.371, 0.721, 0.651, 1.466, 0.329, 0.827, 0.828, 0.365, 1.62, 0.672, 0.266, 0.541, 0.828, 0.37, 1.874, 1.289, 0.826, 0.696, 0.618, 0.647, 1.926, 0.721, 1.369, 1.452, 1.545, 0.73, 0.832, 0.772, 2.226]","['Herpes simplex', 'Cancer of other endocrine glands', 'Secondary malignant neoplasm of digestive systems', 'Secondary malignancy of brain/spine', 'Benign neoplasm of lip, oral cavity, and pharynx', 'Acquired hypothyroidism', 'Diabetes mellitus', 'Type 1 diabetes', 'Type 1 diabetes with ketoacidosis', 'Type 1 diabetes with renal manifestations', 'Type 2 diabetes with ophthalmic manifestations', 'Insulin pump user', 'Polyneuropathy in diabetes', 'Diabetic retinopathy', 'Precocious sexual development and puberty NEC', 'Hyperosmolality and/or hypernatremia', 'Acid-base balance disorder', 'Acidosis', 'Congenital coagulation defects', 'Secondary thrombocytopenia', 'Schizophrenia', 'Suicidal ideation', 'Somatoform disorder', 'Conduct disorders', 'Migraine', 'Hemiplegia', 'Superficial keratitis', 'Scleritis and episcleritis', 'Impacted cerumen', 'Other hypertensive complications', 'Primary pulmonary hypertension', 'Cardiac arrest and ventricular fibrillation', 'Atherosclerosis of native arteries of the extremities with intermittent claudication', 'Other disorders of arteries and arterioles', 'Stricture of artery', 'Other disorders of circulatory system', 'Paralysis/spasm of vocal cords or larynx', 'Epistaxis or throat hemorrhage', 'Viral pneumonia', 'Empyema and pneumothorax', 'Other symptoms of respiratory system', 'Respiratory complications', 'Dentofacial anomalies, including malocclusion', 'Diseases of the salivary glands', 'Leukoplakia of oral mucosa', ""Barrett's esophagus"", 'Hemorrhage of gastrointestinal tract', 'Acute prostatitis', 'Benign neoplasm of breast', 'Prolapse of vaginal walls', 'Superficial cellulitis and abscess', 'Sarcoidosis', 'Corns and callosities', 'Chronic ulcer of unspecified site', 'Rupture of synovium', 'Congenital anomalies of great vessels', 'Congenital anomalies of urinary system', 'Cystic kidney disease', 'Other specified congenital anomalies of kidney', 'Thoracic or lumbosacral neuritis or radiculitis, unspecified', 'Myalgia and myositis unspecified', 'Abnormal Papanicolaou smear of cervix and cervical HPV', 'Toxic effect of venom']",2
DPB1_0601,1,8,"[0.03833, 0.02355, 0.005285, 0.01642, 0.008795, 0.04672, 0.0003959, 0.03372, 0.0007357, 0.03814, 0.04758, 0.02794, 0.009725, 0.04978, 0.04372, 0.03114, 0.009459, 0.04329, 0.02043, 0.03872, 0.03307, 0.02908, 0.02015, 0.04546, 0.04354, 0.00545, 0.04311, 0.04759, 0.04401, 0.02474, 0.01316, 0.04394, 0.004336, 0.03752, 0.01531, 0.03092, 0.007299, 0.04782, 0.035, 0.02977, 0.04392, 0.02431, 0.03227, 0.04442, 0.007404, 0.01863, 0.03123, 0.01286, 0.02268, 0.01298, 0.02881, 0.04536, 0.01177, 0.02707, 0.007673, 0.0001286, 0.01821, 0.02484, 0.002759, 0.01844]","[1.469, 1.533, 3.096, 1.286, 2.052, 0.365, 2.667, 1.902, 2.453, 1.499, 0.315, 0.429, 0.31, 0.701, 1.241, 1.547, 1.879, 1.401, 0.588, 0.689, 1.964, 2.826, 1.455, 1.48, 2.032, 1.458, 1.665, 1.494, 0.539, 1.927, 1.964, 2.235, 3.187, 1.166, 1.203, 0.729, 0.258, 0.676, 1.446, 0.374, 0.402, 0.422, 0.44, 0.403, 3.239, 3.083, 2.047, 1.355, 1.369, 1.51, 1.596, 2.23, 2.112, 2.453, 2.994, 1.701, 1.455, 2.644, 2.333, 1.987]","['Methicillin sensitive Staphylococcus aureus', 'Viral warts & HPV', 'Cancer of nasopharynx', 'Other non-epithelial cancer of skin', 'Carcinoma in situ of skin', 'Malignant neoplasm of ovary', 'Cancer of other female genital organs', 'Benign neoplasm of lip, oral cavity, and pharynx', 'Acquired hypothyroidism', 'Type 1 diabetes', 'Impaired fasting glucose', 'Testicular dysfunction', 'Testicular hypofunction', 'Hyperpotassemia', 'Diseases of white blood cells', 'Bipolar', 'Posttraumatic stress disorder', 'Substance addiction and disorders', 'Other conditions of brain, NOS', 'Hereditary and idiopathic peripheral neuropathy', 'Myasthenia gravis', 'Progressive myopia', 'Open-angle glaucoma', 'Inflammation of eyelids', ""Meniere's disease"", 'Other forms of chronic heart disease', 'Left bundle branch block', 'Heart transplant/surgery', 'Intracranial hemorrhage', 'Phlebitis and thrombophlebitis of lower extremities', 'Chronic obstructive asthma', 'Disorders of diaphragm', 'Respiratory complications', 'Esophagitis, GERD and related diseases', 'GERD', 'Diverticulosis and diverticulitis', 'Diverticulitis', 'Ascites (non malignant)', 'Hydronephrosis', 'Dyschromia and Vitiligo', 'Other dyschromia', 'Psoriasis and related disorders', 'Psoriasis', 'Psoriasis vulgaris', 'Circumscribed scleroderma', 'Abnormal granulation tissue', 'Dermatomyositis', 'Rheumatoid arthritis and other inflammatory polyarthropathies', 'Rheumatoid arthritis', 'Synovitis and tenosynovitis', 'Joint effusions', 'Obstructive genitourinary defect', 'Congenital anomalies of limbs', 'Other congenital anomalies of lower limb, including pelvic girdle', 'Congenital hip dysplasia and deformity', 'Open wounds of head; neck; and trunk', 'Open wounds of extremities', 'Open wound of foot except toe(s) alone', 'Injuries to the nervous system', 'Poisoning by hormones and synthetic substitutes']",2
DQA1_0501,3,7,"[0.03497, 0.03821, 0.02121, 0.03292, 0.02364, 0.01467, 0.02525, 2.313e-05, 4.501e-06, 5.74e-08, 0.001769, 1.603e-07, 0.03835, 0.04598, 0.01353, 7.543e-10, 0.004279, 0.006114, 0.0154, 0.04787, 0.03249, 0.009896, 0.0002855, 0.001179, 0.04038, 0.02391, 0.02374, 0.04295, 0.007663, 0.009603, 0.00917, 0.02931, 0.02475, 0.02686, 0.004293, 0.01707, 0.04859, 0.002826, 0.01082, 0.04637, 0.03603, 0.007553, 0.02469, 0.02015, 0.04396, 0.01249, 0.04366, 0.03116, 0.01566, 0.04854, 0.02018, 0.0055, 0.02498, 0.0005871, 0.02395, 0.00656, 0.04848, 0.002768, 2.164e-07, 0.005049, 0.0495, 0.04641, 0.005829, 0.02079, 0.04939, 0.01635, 0.02462, 0.02786, 0.01529, 0.001834, 0.02583, 0.02539, 0.02481, 0.04248, 0.04375, 0.005497, 0.01303, 0.005129, 0.02662, 0.008091, 1.567e-06, 9.703e-05, 0.01021, 0.00274, 0.02296, 0.005474, 0.03602, 0.02351, 0.005691, 0.04581, 0.04072, 0.006273, 0.04644, 0.02367, 0.04177, 0.03895, 0.02181, 0.03935, 0.00942]","[1.474, 0.592, 0.667, 0.833, 0.846, 1.979, 0.713, 1.486, 1.804, 1.221, 1.248, 1.229, 1.366, 1.306, 1.086, 1.803, 1.874, 1.889, 1.756, 1.591, 1.179, 1.348, 1.268, 1.394, 0.472, 0.56, 1.337, 1.146, 1.158, 1.176, 1.282, 1.398, 1.745, 1.068, 1.304, 0.479, 0.598, 0.47, 0.4, 0.735, 0.531, 0.832, 0.835, 0.768, 1.336, 1.204, 1.073, 1.082, 1.162, 1.128, 0.885, 0.892, 0.841, 0.864, 1.666, 1.933, 0.642, 0.591, 3.784, 1.163, 1.121, 1.19, 1.81, 1.275, 1.527, 1.501, 1.081, 1.23, 1.109, 1.22, 1.207, 1.224, 1.17, 1.191, 1.224, 1.71, 1.589, 1.308, 1.246, 1.395, 1.465, 1.904, 1.827, 1.74, 0.877, 0.834, 0.638, 0.708, 0.676, 0.482, 1.608, 0.598, 0.829, 1.698, 1.655, 1.751, 1.249, 0.792, 1.156]","['Viral Enteritis', 'Herpes zoster with nervous system complications', 'Cervical cancer', 'Cancer of brain and nervous system', 'Secondary malignancy of bone', 'Neurofibromatosis', 'Benign neoplasm of other endocrine glands and related structures', 'Thyrotoxicosis with or without goiter', ""Graves' disease"", 'Hypothyroidism', 'Secondary hypothyroidism', 'Hypothyroidism NOS', 'Thyroiditis', 'Other disorders of thyroid', 'Diabetes mellitus', 'Type 1 diabetes', 'Type 1 diabetes with ketoacidosis', 'Type 1 diabetes with renal manifestations', 'Type 1 diabetes with ophthalmic manifestations', 'Type 1 diabetes with neurological manifestations', 'Type 2 diabetes with renal manifestations', 'Type 2 diabetes with ophthalmic manifestations', 'Insulin pump user', 'Diabetic retinopathy', 'Delay in sexual development and puberty NEC', 'Cachexia', 'Hyperosmolality and/or hypernatremia', 'Fluid overload', 'Iron deficiency anemias', 'Iron deficiency anemias, unspecified or not due to blood loss', 'Iron deficiency anemia secondary to blood loss (chronic)', 'Acquired hemolytic anemias', 'Autoimmune hemolytic anemias', 'Other anemias', 'Anemia in chronic kidney disease', 'Hypersomnia', 'Organic or persistent insomnia', 'Disorders of the globe', 'Progressive myopia', 'Corneal opacity and other disorders of cornea', ""Fuchs' dystrophy"", 'Glaucoma', 'Open-angle glaucoma', 'Primary open angle glaucoma', 'Ptosis of eyelid', 'Abnormal heart sounds', 'Ischemic Heart Disease', 'Coronary atherosclerosis', 'Other chronic ischemic heart disease, unspecified', 'Occlusion and stenosis of precerebral arteries', 'Acute sinusitis', 'Acute upper respiratory infections of multiple or unspecified sites', 'Acute pharyngitis', 'Allergic rhinitis', 'Jaw disease NOS', 'Ulcer of esophagus', 'Heartburn', 'Other specified gastritis', 'Celiac disease', 'Diverticulosis and diverticulitis', 'Diverticulosis', 'Other disorders of liver', 'Acute and subacute necrosis of liver', 'Jaundice (not of newborn)', 'Non-proliferative glomerulonephritis', 'Nephrotic syndrome without mention of glomerulonephritis', 'Renal failure', 'Renal failure NOS', 'Chronic renal failure [CKD]', 'Chronic Kidney Disease, Stage III', 'Chronic Kidney Disease, Stage IV', 'Chronic kidney disease, Stage I or II', 'Kidney replaced by transpant', 'Disorders resulting from impaired renal function', 'Renal osteodystrophy', 'Urethral stricture (not specified as infectious)', 'Uterine/Uterovaginal prolapse', 'Lupus (localized and systemic)', 'Systemic lupus erythematosus', 'Sarcoidosis', 'Diffuse diseases of connective tissue', 'Sicca syndrome', 'Polymyositis', 'Dermatomyositis', 'Rheumatoid arthritis and other inflammatory polyarthropathies', 'Rheumatoid arthritis', 'Contracture of tendon (sheath)', 'Malunion and nonunion of fracture', 'Hammer toe (acquired)', 'Stress fracture', 'Congenital anomalies of peripheral vascular system', 'Other congenital musculoskeletal anomalies', 'Thoracic or lumbosacral neuritis or radiculitis, unspecified', 'Muscular wasting and disuse atrophy', 'Rhabdomyolysis', 'Facial weakness', 'Complications of transplants and reattached limbs', 'Bone marrow or stem cell transplant', 'Atopic/contact dermatitis due to other or unspecified']",2
DQB1_0502,1,6,"[0.005053, 0.0297, 0.01563, 0.03265, 0.01882, 0.02588, 0.02118, 0.04516, 0.003632, 0.03715, 0.005241, 0.00329, 0.0336, 0.002252, 0.03912, 0.03678, 0.02874, 0.03909, 0.001224, 0.01254, 0.04622, 0.01097, 0.005677, 0.02449, 0.00283, 0.02859, 0.04741, 0.04326, 0.04259, 0.01225, 0.02577, 0.0172, 0.01932, 0.006024, 0.003765, 0.01689, 0.0129, 0.01523, 0.02273, 0.04455, 0.01805, 0.0001595, 0.03283, 0.03767, 0.0303, 0.03925, 0.006178, 0.01204, 0.01822, 0.04038, 0.0386, 0.006179, 0.04121]","[3.317, 2.511, 2.148, 1.692, 1.442, 2.155, 0.099, 2.329, 4.68, 2.637, 1.395, 1.452, 1.523, 4.237, 2.929, 0.803, 0.538, 2.932, 1.762, 1.879, 3.346, 1.841, 2.852, 2.28, 4.142, 2.364, 0.82, 0.7, 1.366, 2.955, 1.583, 2.56, 2.258, 2.982, 3.177, 0.464, 0.409, 2.139, 1.537, 1.79, 1.989, 6.18, 2.206, 2.619, 0.553, 2.608, 4.247, 3.758, 3.005, 2.23, 1.485, 1.608, 2.367]","['Cancer of major salivary glands', 'Cancer of of nasal cavities', 'Malignant neoplasm of ovary', 'Secondary malignant neoplasm of digestive systems', 'Neoplasm of uncertain behavior', 'Benign neoplasm of other endocrine glands and related structures', 'Type 1 diabetes', 'Adrenal hyperfunction', 'Hyperaldosteronism', 'Other specified disorders of plasma protein metabolism', 'Overweight, obesity and other hyperalimentation', 'Obesity', 'Morbid obesity', 'Localized adiposity', 'Non-autoimmune hemolytic anemias', 'Other anemias', 'Anemia in neoplastic disease', 'Defibrination syndrome', 'Other conditions of brain', 'Cerebral edema and compression of brain', 'Cerebral cysts', 'Encephalopathy, not elsewhere classified', 'Drusen (degenerative) of retina', 'Astigmatism', 'Epiphora', 'Nonrheumatic tricuspid valve disorders', 'Cardiac dysrhythmias', 'Tachycardia NOS', 'Acute sinusitis', 'Acute laryngitis and tracheitis', 'Septal Deviations/Turbinate Hypertrophy', 'Chronic laryngitis', 'Bronchitis', 'Disorders of tooth development', 'Disturbances in tooth eruption', 'Gastritis and duodenitis', 'Noninfectious gastroenteritis', 'Symptoms involving digestive system', 'Ascites (non malignant)', 'Cystitis and urethritis', 'Cystitis', 'Chronic cystitis', 'Symptomatic artificial menopause', 'Congenital anomalies of skin', 'Erythematous conditions', 'Keloid scar', 'Other and unspecified disc disorder', 'Osteoarthrosis involving more than one site, but not specified as generalized', 'Congenital musculoskeletal deformities of spine', 'Symptoms of the muscles', 'Muscle weakness', 'Sprains and strains', 'Non-healing surgical wound']",2
DQB1_0503,0,8,"[0.04259, 0.04549, 0.0247, 0.02474, 0.002411, 0.0351, 0.04729, 0.03101, 0.02243, 0.0086, 0.02526, 0.0482, 0.04556, 0.009641, 0.002565, 0.02061, 0.02189, 0.04909, 0.04089, 0.03011, 0.03414, 0.009969, 0.02381, 0.03617, 0.03167, 0.001567, 0.04186, 0.04456, 0.03757, 0.003796, 0.03015, 0.02386, 0.00424, 0.01583, 0.002038, 0.04421, 0.01697, 0.03507, 0.03706, 0.02324, 0.01969, 0.03417, 0.02443, 0.04068, 0.04878, 0.01185, 0.04093, 0.01461, 0.02963, 0.01974, 0.03369, 0.01621, 0.03665, 0.02174, 0.03526, 0.03016]","[0.586, 0.58, 1.399, 0.618, 0.337, 1.718, 1.449, 1.843, 2.51, 2.553, 0.565, 1.14, 1.142, 0.718, 0.359, 0.433, 0.262, 2.033, 1.443, 1.223, 1.781, 2.142, 2.231, 1.52, 1.639, 3.739, 1.237, 1.317, 1.507, 1.911, 0.753, 1.752, 2.413, 1.388, 1.513, 0.565, 1.255, 0.637, 1.37, 0.665, 0.551, 2.222, 2.82, 1.822, 0.756, 0.65, 0.532, 0.57, 1.773, 1.52, 0.62, 0.337, 1.901, 1.462, 1.742, 1.608]","['Bacterial enteritis', 'Intestinal infection due to C. difficile', 'Viral infection', 'Cancer of larynx', 'Type 1 diabetes', 'Diabetes type 2 with peripheral circulatory disorders', 'Disorders of the pituitary gland and its hypothalamic control', 'Ovarian dysfunction', 'Carcinoid syndrome', 'Cachexia', 'Disorders of protein plasma/amino-acid transport and metabolism', 'Disorders of lipoid metabolism', 'Hyperlipidemia', 'Disorders of mineral metabolism', 'Other deficiency anemia', 'Megaloblastic anemia', 'Other vitamin B12 deficiency anemia', 'Vascular dementia', 'Other persistent mental disorders due to conditions classified elsewhere', 'Anxiety disorder', 'Agorophobia, social phobia, and panic disorder', 'Psychogenic and somatoform disorders', 'Somatoform disorder', 'Pervasive developmental disorders', 'Attention deficit hyperactivity disorder', 'Cerebral cysts', 'Abnormal movement', 'Abnormality of gait', 'Strabismus and other disorders of binocular eye movements', 'Strabismus (not specified as paralytic)', 'Cardiomegaly', 'Intracerebral hemorrhage', 'Nasal polyps', 'Diseases of the larynx and vocal cords', 'Other upper respiratory disease', 'Respiratory insufficiency', 'Other diseases of lung', 'Cirrhosis of liver without mention of alcohol', 'Cholelithiasis', 'Other symptoms involving abdomen and pelvis', 'Hydronephrosis', 'Benign neoplasm of breast', 'Neonatal bradycardia or tachycardia', 'Corns and callosities', 'Rheumatoid arthritis and other inflammatory polyarthropathies', 'Rheumatoid arthritis', 'Polymyalgia Rheumatica', 'Synovitis and tenosynovitis', 'Contracture of joint', 'Pathologic fracture', 'Genitourinary congenital anomalies', 'Cystic kidney disease', 'Other congenital musculoskeletal anomalies', 'Neuralgia, neuritis, and radiculitis NOS', 'Complication of nervous system device, implant, and graft', 'Systemic inflammatory response syndrome (SIRS)']",2
DRB1_0301,3,8,"[0.03363, 0.01617, 0.02092, 0.005037, 0.002425, 0.04901, 0.007124, 0.003254, 0.00771, 0.04306, 0.04371, 0.04951, 0.02493, 0.002133, 0.008245, 0.02428, 0.004946, 8.96e-06, 1.334e-06, 2.23e-05, 0.007672, 1.313e-05, 1.404e-07, 2.162e-29, 9.842e-09, 1.623e-06, 3.702e-07, 1.649e-05, 0.0006475, 1.988e-05, 6.797e-09, 0.005461, 1.347e-11, 0.00258, 0.04352, 0.03861, 0.01588, 0.03733, 0.03669, 0.03723, 0.04092, 0.04982, 0.0401, 0.001552, 0.002592, 0.04578, 0.00481, 0.006852, 0.04415, 0.00205, 0.008424, 0.04233, 0.02258, 0.02796, 0.0444, 0.02118, 0.03731, 0.03867, 0.01097, 0.04059, 0.04803, 0.03379, 0.02626, 0.03025, 0.04441, 0.0251, 0.005953, 0.0006683, 0.02321, 0.00862, 0.02731, 0.01167, 0.0301, 0.01276, 0.02319, 0.005353, 2.333e-11, 0.04866, 0.001518, 0.006281, 0.01007, 0.03023, 0.02806, 0.01075, 0.0005113, 0.007074, 0.007955, 0.001693, 0.01668, 0.02052, 0.001859, 0.03802, 0.01443, 0.0004554, 0.001824, 0.01216, 0.003442, 0.0005444, 0.002176, 0.001269, 0.001821, 0.01902, 0.0003316, 0.003822, 0.01712, 0.007676, 0.04804, 0.03678, 0.04194, 0.009771, 0.04129, 0.01102, 0.01825, 1.145e-07, 0.03847, 1.183e-06, 1.302e-10, 5.039e-08, 6.382e-05, 6.09e-07, 0.04053, 0.02895, 0.02518, 0.003299, 0.00775, 0.008712, 0.0366, 0.0439, 0.02264, 0.01802, 0.04912, 0.03356, 0.02264, 0.03012, 0.0331, 0.007527, 0.02828, 0.0007808, 0.02117]","[0.788, 0.755, 2.058, 1.518, 1.981, 1.253, 0.365, 0.802, 0.808, 1.282, 0.646, 0.784, 0.599, 0.751, 0.761, 0.786, 0.725, 1.561, 1.9, 1.193, 1.235, 1.214, 1.217, 2.938, 3.505, 3.018, 3.248, 2.757, 1.334, 1.687, 1.505, 1.304, 2.042, 1.548, 1.856, 1.16, 0.888, 0.665, 1.171, 1.717, 1.072, 1.226, 1.229, 0.862, 0.853, 0.839, 1.467, 1.477, 1.212, 1.369, 2.28, 1.121, 1.257, 1.159, 1.187, 1.415, 1.411, 1.329, 1.148, 1.137, 1.177, 1.223, 1.33, 1.161, 1.151, 0.309, 0.876, 0.724, 0.505, 0.878, 0.314, 1.804, 0.522, 0.58, 0.882, 0.772, 4.85, 0.72, 1.236, 1.223, 1.243, 1.367, 1.236, 1.359, 2.13, 1.36, 1.267, 1.559, 0.768, 1.208, 2.03, 1.458, 1.297, 1.615, 1.129, 1.125, 1.351, 1.18, 1.328, 1.289, 1.249, 1.122, 1.316, 1.314, 1.301, 0.812, 0.491, 0.49, 0.648, 0.693, 0.581, 1.331, 1.179, 1.705, 1.607, 1.658, 1.713, 2.465, 2.557, 2.523, 0.698, 0.388, 1.438, 0.588, 0.529, 0.738, 1.799, 0.502, 0.928, 1.728, 0.425, 1.172, 1.608, 1.21, 1.288, 1.327, 0.741, 1.232, 1.342]","['Bacterial enteritis', 'Intestinal infection due to C. difficile', 'Tuberculosis', 'Chronic hepatitis', 'Dermatophytosis of the body', 'Hx of malignant neoplasm of oral cavity and pharynx', 'Malignant neoplasm of retroperitoneum and peritoneum', 'Melanomas of skin, dx or hx', 'Melanomas of skin', 'Acquired absence of breast', 'Cervical cancer', 'Cancer of other female genital organs', 'Cancer of other female genital organs', 'Manlignant and unknown neoplasms of brain and nervous system', 'Cancer of brain and nervous system', 'Cancer of brain', 'Secondary malignant neoplasm of digestive systems', 'Thyrotoxicosis with or without goiter', ""Graves' disease"", 'Hypothyroidism', 'Secondary hypothyroidism', 'Hypothyroidism NOS', 'Diabetes mellitus', 'Type 1 diabetes', 'Type 1 diabetes with ketoacidosis', 'Type 1 diabetes with renal manifestations', 'Type 1 diabetes with ophthalmic manifestations', 'Type 1 diabetes with neurological manifestations', 'Type 2 diabetes with renal manifestations', 'Type 2 diabetes with ophthalmic manifestations', 'Insulin pump user', 'Polyneuropathy in diabetes', 'Diabetic retinopathy', 'Hypoglycemia', 'Other disorders of neurohypophysis', 'Hyperpotassemia', 'Hypopotassemia', 'Alkalosis', 'Fluid overload', 'Autoimmune hemolytic anemias', 'Other anemias', 'Anemia in chronic kidney disease', 'Aphasia/speech disturbance', 'Anxiety disorders', 'Anxiety disorder', 'Adjustment reaction', 'Sleep related movement disorders', 'Restless legs syndrome', 'Extrapyramidal disease and abnormal movement disorders', 'Partial epilepsy', 'Nonspecific abnormal findings in cerebrospinal fluid', 'Abnormal movement', 'Lack of coordination', 'Other retinal disorders', 'Degeneration of macula and posterior pole of retina', 'Macular degeneration, dry', 'Other nondiabetic retinopathy', 'Diplopia and disorders of binocular vision', 'Hypertensive heart and/or renal disease', 'Hypertensive chronic kidney disease', 'Angina pectoris', 'Carditis', 'Abnormal function study of cardiovascular system', 'Occlusion and stenosis of precerebral arteries', 'Peripheral vascular disease', 'Hypersensitivity angiitis', 'Acute upper respiratory infections of multiple or unspecified sites', 'Acute pharyngitis', 'Acute laryngitis and tracheitis', 'Allergic rhinitis', 'Respiratory arrest', 'Jaw disease NOS', 'Heartburn', 'Other specified gastritis', 'Abdominal hernia', 'Diaphragmatic hernia', 'Celiac disease', 'Symptoms involving digestive system', 'Chronic liver disease and cirrhosis', 'Other chronic nonalcoholic liver disease', 'Cirrhosis of liver without mention of alcohol', 'Primary biliary cirrhosis', 'Other disorders of liver', 'Liver replaced by transplant', 'Acute and subacute necrosis of liver', 'Jaundice (not of newborn)', 'Other biliary tract disease', 'Cholangitis', 'Hemorrhage of rectum and anus', 'Nephritis; nephrosis; renal sclerosis', 'Chronic glomerulonephritis, NOS', 'Nephrotic syndrome without mention of glomerulonephritis', 'Nephritis and nephropathy without mention of glomerulonephritis', 'Nephritis and nephropathy in diseases classified elsewhere', 'Renal failure', 'Acute renal failure', 'Renal failure NOS', 'Chronic renal failure [CKD]', 'Renal dialysis', 'End stage renal disease', 'Chronic Kidney Disease, Stage III', 'Other disorders of the kidney and ureters', 'Kidney replaced by transpant', 'Disorders resulting from impaired renal function', 'Renal osteodystrophy', 'Dysuria', 'Noninflammatory disorders of ovary, fallopian tube, and broad ligament', 'Symptoms involving female genital tract', 'Absent or infrequent menstruation', 'Irregular menstrual cycle', 'Dysmenorrhea', 'Other local infections of skin and subcutaneous tissue', 'Erythematous conditions', 'Lupus (localized and systemic)', 'Cutaneous lupus erythematosus', 'Systemic lupus erythematosus', 'Diffuse diseases of connective tissue', 'Sicca syndrome', 'Polymyositis', 'Dermatomyositis', 'Other inflammatory spondylopathies', 'Ankylosing spondylitis', 'Ganglion and cyst of synovium, tendon, and bursa', 'Hammer toe (acquired)', 'Other congenital musculoskeletal anomalies', 'Thoracic or lumbosacral neuritis or radiculitis, unspecified', 'Facial weakness', 'Symptoms involving nervous and musculoskeletal systems', 'Abdominal pain', 'Gangrene', 'Chronic fatigue syndrome', 'Fracture of lower limb', 'Fracture of patella', 'Fracture of ankle and foot', 'Fracture of foot', 'Complications of transplants and reattached limbs', 'Bone marrow or stem cell transplant', 'Atopic/contact dermatitis due to other or unspecified', 'Certain early complications of trauma or procedure']",2
